[
    {
        "vehicle": "Skoda Octavia",
        "license_plate": "BM1507AH",
        "owner": "Ukroboronprom",
        "fill_date": "26.08.2022",
        "start": ["Poland", "Warsaw"],
        "destination": ["Ukraine", "Odesa"],
        "items": [
            ["Mavic 3T", 120000],
            ["Camouflage", 2770],
            ["Boots", 548],
            ["Javelin", 22000]
        ],
        "has_permission": true,
        "intend": "green"
    },
    {
        "vehicle": "Volvo V50",
        "license_plate": "CE1416HB",
        "owner": "Aliexpress",
        "fill_date": "11.12.2022",
        "start": ["France", "Paris"],
        "destination": ["Ukraine", "Kyiv"],
        "items": [
            ["compression shirt", 140],
            ["solar panel", 500]
        ],
        "has_permission": false,
        "intend": "red"
    },
    {
        "vehicle": "Kia Sorento",
        "license_plate": "BX8027BH",
        "owner": "EastCorner",
        "fill_date": "04.11.2022",
        "start": ["Netherlands", "Amsterdam"],
        "destination": ["Ukraine", "Odesa"],
        "items": [
            ["camera", 120000]
        ],
        "has_permission": true,
        "intend": "green"
    },
    {
        "vehicle": "Toyota Chaser",
        "license_plate": "BC6066HC",
        "owner": "Xiaomi",
        "fill_date": "17.10.2022",
        "start": ["Spain", "Madrid"],
        "destination": ["Ukraine", "Lviv"],
        "items": [
            ["rolex", 1200000],
            ["wind turbine", 400000],
            ["Coca-Cola", 19]
        ],
        "has_permission": true,
        "intend": "green"
    },

    {
       "vehicle": "Dodge Challenger",
        "license_plate": "AX1227CE",
        "owner": "OOO Intendo",
        "fill_date": "12.06.2022",
        "start": ["Portugal", "Lisabon"],
        "destination": ["Ukraine", "Lviv"],
        "items": [
            ["Asics Gel Konoha", 1200],
            ["Mi Band", 2000]
        ],
        "has_permission": true,
        "intend": "green"
    },

    {
       "vehicle": "Mitsubishi Outlander",
        "license_plate": "AC5433BH",
        "owner": "LVTE BLOOMER",
        "fill_date": "24.10.2022",
        "start": ["Czech Republic", "Praha"],
        "destination": ["Ukraine", "Simferopol"],
        "items": [
            ["Gut`s sword", 1000000],
            ["Berserk`s armour", 945000],
            ["Chips", 25],
            ["Coca-Cola", 222]
        ],
        "has_permission": true,
        "intend": "red"
    },

    {
       "vehicle": "Volkswagen Passat",
        "license_plate": "CA7496AX",
        "owner": "Samsung",
        "fill_date": "27.10.2022",
        "start": ["Austria", "Graz"],
        "destination": ["Ukraine", "Lutsk"],
        "items": [
            ["Iphone 15 Pro", 4000],
            ["TV", 112000]
        ],
        "has_permission": true,
        "intend": "green"
    },

    {
       "vehicle": "Audi RS5",
        "license_plate": "BB7777CH",
        "owner": "Hatenkxlla Company",
        "fill_date": "25.10.2022",
        "start": ["France", "Nantes"],
        "destination": ["Ukraine", "Simferopol"],
        "items": [
            ["DJ console", 120000],
            ["Coca-Cola", 20]
        ],
        "has_permission": true,
        "intend": "red"
    },

    {
       "vehicle": "Audi A6",
        "license_plate": "BH2488BA",
        "owner": "Obolon",
        "fill_date": "22.10.2022",
        "start": ["Liechtenstein", "Vaduz"],
        "destination": ["Ukraine", "Simferopol"],
        "items": [
            ["bananas", 14900]
        ],
        "has_permission": true,
        "intend": "green"
    },

    {
       "vehicle": "Tesla Plaid",
        "license_plate": "AH4035YA",
        "owner": "MIM Company",
        "fill_date": "23.10.2020",
        "start": ["Germany", "Frankfurt"],
        "destination": ["Ukraine", "Donetsk"],
        "items": [
            ["Samsung S23 Ultra", 5200],
            ["Iphone XR", 12000],
            ["Casio", 2600]
        ],
        "has_permission": false,
        "intend": "green"
    },

    {
       "vehicle": "Nissan Skyline",
        "license_plate": "BE8180BB",
        "owner": "Hatenkxlla Company",
        "fill_date": "18.10.2020",
        "start": ["Poland", "Lodz"],
        "destination": ["Ukraine", "Kharkiv"],
        "items": [
            ["Laptop", 21000],
            ["Bicycle", 5000]
        ],
        "has_permission": true,
        "intend": "green"
    },

    {
        "vehicle": "Chevrolet Silverado",
        "license_plate": "BX8731HB",
        "owner": "AutoEmpire",
        "fill_date": "15.07.2022",
        "start": ["USA", "New York"],
        "destination": ["Ukraine", "Lviv"],
        "items": [
            ["Refrigerator", 500],
            ["Washing machine", 300],
            ["Television", 400]
        ],
        "has_permission": true,
        "intend": "green"
    },

    {
        "vehicle": "BMW X5",
        "license_plate": "CA3416BB",
        "owner": "LuxuryCars",
        "fill_date": "09.05.2022",
        "start": ["Germany", "Munich"],
        "destination": ["Ukraine", "Kyiv"],
        "items": [
            ["Luxury watch", 8000],
            ["Designer clothing", 500],
            ["Wine collection", 2500]
        ],
        "has_permission": true,
        "intend": "green"
    },

    {
        "vehicle": "Ford Focus",
        "license_plate": "BK4932CH",
        "owner": "TechZone",
        "fill_date": "02.09.2022",
        "start": ["Germany", "Hamburg"],
        "destination": ["Ukraine", "Kyiv"],
        "items": [
            ["Laptop", 2000],
            ["Tablet", 800],
            ["Smartphone", 100]
        ],
        "has_permission": true,
        "intend": "green"
    },

     {
        "vehicle": "Mercedes-Benz S-Class",
        "license_plate": "AA1907AH",
        "owner": "Elegance Autos",
        "fill_date": "30.06.2022",
        "start": ["Germany", "Stuttgart"],
        "destination": ["Ukraine", "Donetsk"],
        "items": [
            ["Luxury Jewelry Set", 7000],
            ["Designer Perfume", 150],
            ["Crystal Glassware", 300]
        ],
        "has_permission": true,
        "intend": "green"
    },

    {
        "vehicle": "Lamborghini Aventador",
        "license_plate": "BC4576HB",
        "owner": "Speedy Imports",
        "fill_date": "18.03.2022",
        "start": ["Italy", "Sant'Agata Bolognese"],
        "destination": ["Ukraine", "Odesa"],
        "items": [
            ["High-Performance Exhaust", 25000],
            ["Carbon Fiber Parts", 1200],
            ["Racing Tires", 750],
            ["Coca-Cola", 19]
        ],
        "has_permission": true,
        "intend": "green"
    },
    {
        "vehicle": "Porsche 911 Turbo",
        "license_plate": "BA8392AX",
        "owner": "Luxury Autos",
        "fill_date": "07.11.2022",
        "start": ["Germany", "Zuffenhausen"],
        "destination": ["Ukraine", "Lviv"],
        "items": [
            ["Leather Seats", 3500],
            ["High-End Sound System", 800],
            ["Custom Wheels", 1000],
            ["M-16", 1700],
            ["Coca-Cola", 22]
        ],
        "has_permission": true,
        "intend": "green"
    },

    {
        "vehicle": "Mazda CX-5",
        "license_plate": "BK3827XA",
        "owner": "AutoZone",
        "fill_date": "14.09.2022",
        "start": ["Japan", "Hiroshima"],
        "destination": ["Ukraine", "Kyiv"],
        "items": [
            ["Compact SUV", 20000],
            ["Navigation System", 500],
            ["Leather Interior", 1000]
        ],
        "has_permission": true,
        "intend": "green"
    },
    {
        "vehicle": "Subaru Outback",
        "license_plate": "CE9843AH",
        "owner": "AutoPro",
        "fill_date": "29.08.2022",
        "start": ["Japan", "Tokyo"],
        "destination": ["Ukraine", "Odesa"],
        "items": [
            ["All-Wheel Drive", 1500],
            ["Roof Rails", 200],
            ["Cargo Net", 100]
        ],
        "has_permission": true,
        "intend": "green"
    },
    {
        "vehicle": "Ford F-150",
        "license_plate": "BX6821BB",
        "owner": "TruckNation",
        "fill_date": "12.06.2022",
        "start": ["USA", "Dearborn"],
        "destination": ["Ukraine", "Lviv"],
        "items": [
            ["Pickup Truck", 30000],
            ["Tow Package", 1200],
            ["Bed Liner", 500]
        ],
        "has_permission": true,
        "intend": "green"
    },
    {
        "vehicle": "Chevrolet Equinox",
        "license_plate": "CA1298CH",
        "owner": "AutoDepot",
        "fill_date": "05.03.2022",
        "start": ["USA", "Detroit"],
        "destination": ["Ukraine", "Kharkiv"],
        "items": [
            ["Compact SUV", 20000],
            ["Sunroof", 80067],
            ["Blind Spot Detection", 400331]
        ],
        "has_permission": true,
        "intend": "green"
    },
    {
        "vehicle": "Jeep Wrangler",
        "license_plate": "BB6534BA",
        "owner": "Adventure Autos",
        "fill_date": "23.04.2022",
        "start": ["USA", "Toledo"],
        "destination": ["Ukraine", "Odesa"],
        "items": [
            ["Off-Road Vehicle", 25000],
            ["Winch", 600],
            ["Rock Rails", 300]
        ],
        "has_permission": true,
        "intend": "green"
    },
    {
        "vehicle": "Nissan Rogue",
        "license_plate": "AC7711AX",
        "owner": "Nissan Dealership",
        "fill_date": "17.01.2022",
        "start": ["Japan", "Yokohama"],
        "destination": ["Ukraine", "Simferopol"],
        "items": [
            ["Compact SUV", 20000],
            ["Panoramic Sunroof", 1200],
            ["Remote Start", 500]
        ],
        "has_permission": true,
        "intend": "green"
    },
    {
        "vehicle": "Honda CR-V",
        "license_plate": "BH2975BA",
        "owner": "Honda Dealership",
        "fill_date": "12.11.2022",
        "start": ["Japan", "Tokyo"],
        "destination": ["Ukraine", "Lviv"],
        "items": [
            ["Compact SUV", 20000],
            ["Leather Seats", 1000],
            ["Lane Keeping Assist", 400],
            ["solar panel", 1000]
        ],
        "has_permission": true,
        "intend": "green"
    },
    {
        "vehicle": "Mitsubishi Pajero",
        "license_plate": "BD5839BH",
        "owner": "AutoPro",
        "fill_date": "08.05.2022",
        "start": ["Japan", "Nagoya"],
        "destination": ["Ukraine", "Kyiv"],
        "items": [
            ["SUV", 22000],
            ["Sunroof", 80041],
            ["Rockford Fosgate Sound System", 5000]
        ],
        "has_permission": true,
        "intend": "green"
    },
    {
        "vehicle": "Kia Sportage",
        "license_plate": "CA9841CH",
        "owner": "EastCar",
        "fill_date": "03.02.2022",
        "start": ["South Korea", "Seoul"],
        "destination": ["Ukraine", "Odesa"],
        "items": [
            ["Compact SUV", 20000],
            ["Navigation System", 600],
            ["Heated Front Seats", 300]
        ],
        "has_permission": true,
        "intend": "green"
    },
    {
        "vehicle": "Hyundai Tucson",
        "license_plate": "BE7263AH",
        "owner": "Hyundai Dealership",
        "fill_date": "20.03.2022",
        "start": ["South Korea", "Ulsan"],
        "destination": ["Ukraine", "Kharkiv"],
        "items": [
            ["Compact SUV", 20000],
            ["Panoramic Sunroof", 1000],
            ["Blind Spot Monitor", 400]
        ],
        "has_permission": true,
        "intend": "green"
    }
]