[
    {
        "city": "Kyiv",
        "temperature": 300,
        "humidity": 70,
        "pressure": 1017,
        "wind_speed": 5.1,
        "wind_direction": 220
    },
    {
        "city": "New York",
        "temperature": 302,
        "humidity": 60,
        "pressure": 1016,
        "wind_speed": 6.3,
        "wind_direction": 240
    },
    {
        "city": "Tokyo",
        "temperature": 298,
        "humidity": 70,
        "pressure": 1000,
        "wind_speed": 3.5,
        "wind_direction": 180
    },
    {
        "city": "Odesa",
        "temperature": 294,
        "humidity": 76,
        "pressure": 880,
        "wind_speed": 10.0,
        "wind_direction": 234
    }
]
